{
	"layout": "home",
	"title": "Home Page",
	"overview": [{
		"title": "What is our subject ?",
		"content": "Lorem ipsum dolor sit amet, consectetur adipisicing elit.",
		"link": {
			"href": "presentation",
			"content": "Go to Presentation"
		}
	}, {
		"title": "Contact us !",
		"content": "Quibusdam eaque nemo dolorum labore dolor repellendus minus, magnam asperiores, nostrum, nisi porro, molestiae ipsa.",
		"link": {
			"href": "contact-us",
			"content": "Go to Contact Information"
		}
	}, {
		"title": "Welcome !",
		"content": "Vero aliquam debitis, similique rerum hic asperiores.",
		"link": {
			"href": "home",
			"content": "Go to Home"
		}
	}]
}