{
    "languageCode": "en-gb",
    "pageNotFound": "error",
    "commonVariation": "common.json",
    "routes": {
        "home": {
            "url": "/",
            "view": "home.htm",
            "variation": "home.json"
        },
        "presentation": {
            "url": "/presentation/",
            "view": "default.htm",
            "variation": "presentation.json"
        },
        "contact-us": {
            "url": "/contact-us/",
            "view": "default.htm",
            "variation": "contact-us.json"
        },
        "home-fr-fr": {
            "url": "/francais/",
            "view": "home.htm",
            "variation": "home.json",
            "languageCode": "fr-fr"
        },
        "presentation-fr-fr": {
            "url": "/francais/presentation/",
            "view": "default.htm",
            "variation": "presentation.json",
            "languageCode": "fr-fr"
        },
        "contact-us-fr-fr": {
            "url": "/francais/contactez-nous/",
            "view": "default.htm",
            "variation": "contact-us.json",
            "languageCode": "fr-fr"
        },
        "error-fr-fr": {
            "url": "/francais/*",
            "view": "default.htm",
            "variation": "page-404.json",
            "languageCode": "fr-fr",
            "statusCode": 404
        },
        "error": {
            "url": "/page-404/",
            "view": "default.htm",
            "variation": "page-404.json",
            "statusCode": 404
        }
    }
}