{
	"title": {
		"alt": "NodeAtlas",
		"src": "media/images/min/ex-logo-node-atlas.png"
	},
	"content": "Contenu pour la documentation.",
	"noJs": "Le JavaScript n'est pas activé.",
	"home": {
		"title": "Accueil",
		"url": "index.html"
	},
	"lang": {
		"title": "English",
		"url": "english/index.html"
	},
	"menu": [{
		"title": "Présentation",
		"url": "avant-propos.html",
		"menu": [{
			"title": "Installation",
			"url": "installation.html"
		}, {
			"title": "Démarrage rapide",
			"url": "commencer-avec-nodeatlas.html"
		}]
	}, {
		"title": "View et Template",
		"url": "partie-view-et-template.html"
	}, {
		"title": "Controller et Model",
		"url": "partie-controller-et-model.html"
	}, {
		"title": "Route et Plus",
		"url": "pour-aller-plus-loin.html",
		"menu": [{
			"title": "API",
			"url": "api-nodeatlas-comme-module-npm.html"
		}, {
			"title": "CLI",
			"url": "cli-commandes-de-lancement.html"
		}, {
			"title": "Simple Serveur",
			"url": "nodeatlas-comme-simple-serveur-web.html"
		}, {
			"title": "Développement",
			"url": "environnement-de-d%C3%A9veloppement.html"
		}, {
			"title": "Production",
			"url": "environnement-de-production.html"
		}]
	}, {
		"title": "Et les autres ?",
		"url": "plus-sur-nodeatlas.html"
	}]
}