{
	"title": {
		"alt": "NodeAtlas",
		"src": "media/images/min/ex-logo-node-atlas.png"
	},
	"content": "Content for documentation.",
	"noJs": "No JavaScript enabled.",
	"home": {
		"title": "Home",
		"url": "index.html"
	},
	"lang": {
		"title": "Français",
		"url": "../index.html"
	},
	"menu": [{
		"title": "Overview",
		"url": "overview.html",
		"menu": [{
			"title": "Installing",
			"url": "installing.html"
		}, {
			"title": "Get Started",
			"url": "start-with-nodeatlas.html"
		}]
	}, {
		"title": "View and Template",
		"url": "view-and-template-part.html"
	}, {
		"title": "Controller and Model",
		"url": "controller-and-model-part.html"
	}, {
		"title": "Route and More",
		"url": "more-features.html",
		"menu": [{
			"title": "API",
			"url": "api-nodeatlas-as-npm-module.html"
		}, {
			"title": "CLI",
			"url": "cli-running-commands.html"
		}, {
			"title": "Simple Server",
			"url": "nodeatlas-as-a-simple-web-server.html"
		}, {
			"title": "Development",
			"url": "development-environment.html"
		}, {
			"title": "Production",
			"url": "production-environment.html"
		}]
	}, {
		"title": "And others?",
		"url": "more-about-nodeatlas.html"
	}]
}